"3501","青森県","青森市","浅虫"
"3502","青森県","青森市","久栗坂"
"3506","青森県","青森市","三本木"
"3524","青森県","青森市","滝沢"
"3503","青森県","青森市","野内"
"3507","青森県","青森市","馬屋尻"
"3505","青森県","青森市","宮田"
"3504","青森県","青森市","矢田"
"1165","青森県","八戸市","石堂"
"2241","青森県","八戸市","市川町"
"1102","青森県","八戸市","一番町"
"1108","青森県","八戸市","上野"
"1121","青森県","八戸市","卸センター"
"1161","青森県","八戸市","河原木"
"2246","青森県","八戸市","桔梗野工業団地"
"2245","青森県","八戸市","北インター工業団地"
"1114","青森県","八戸市","北白山台"
"1107","青森県","八戸市","櫛引"
"1160","青森県","八戸市","小田"
"1106","青森県","八戸市","坂牛"
"1167","青森県","八戸市","沢里"
"1164","青森県","八戸市","下長"
"1101","青森県","八戸市","尻内町"
"1163","青森県","八戸市","高州"
"2242","青森県","八戸市","多賀台"
"1104","青森県","八戸市","田面木"
"1109","青森県","八戸市","豊崎町"
"1162","青森県","八戸市","豊洲"
"1103","青森県","八戸市","長苗代"
"1113","青森県","八戸市","西白山台"
"1166","青森県","八戸市","根城"
"1168","青森県","八戸市","八太郎"
"1111","青森県","八戸市","東白山台"
"1169","青森県","八戸市","日計"
"2243","青森県","八戸市","松ケ丘"
"1112","青森県","八戸市","南白山台"
"1105","青森県","八戸市","八幡"
"4401","青森県","むつ市","大畑町"
"4402","青森県","むつ市","大畑町正津川"
"5204","青森県","むつ市","川内町蛎崎"
"5304","青森県","むつ市","川内町蛎崎"
"5304","青森県","むつ市","川内町蛎崎半右エ門沢"
"5203","青森県","むつ市","川内町宿野部"
"5202","青森県","むつ市","川内町桧川"
"4701","青森県","むつ市","川内町"
"4701","青森県","むつ市","川内町板家戸"
"4701","青森県","むつ市","川内町野平"
"4701","青森県","むつ市","川内町福浦山"
"5201","青森県","むつ市","川内町"
"5345","青森県","むつ市","脇野沢赤坂"
"5344","青森県","むつ市","脇野沢稲平"
"5326","青森県","むつ市","脇野沢桂沢"
"5335","青森県","むつ市","脇野沢寄浪"
"5337","青森県","むつ市","脇野沢九艘泊"
"5346","青森県","むつ市","脇野沢口広"
"5333","青森県","むつ市","脇野沢黒岩"
"5321","青森県","むつ市","脇野沢源藤城"
"5343","青森県","むつ市","脇野沢小サ沢"
"5342","青森県","むつ市","脇野沢小沢"
"5341","青森県","むつ市","脇野沢鹿間平"
"5323","青森県","むつ市","脇野沢七引"
"5332","青森県","むつ市","脇野沢瀬野川目"
"5322","青森県","むつ市","脇野沢滝山"
"5336","青森県","むつ市","脇野沢蛸田"
"5325","青森県","むつ市","脇野沢辰内"
"5324","青森県","むつ市","脇野沢田ノ頭"
"5334","青森県","むつ市","脇野沢新井田"
"5327","青森県","むつ市","脇野沢本村"
"5331","青森県","むつ市","脇野沢渡向"
"3300","青森県","東津軽郡平内町",""
"3312","青森県","東津軽郡平内町","浅所"
"3364","青森県","東津軽郡平内町","小豆沢"
"3382","青森県","東津軽郡平内町","稲生"
"3352","青森県","東津軽郡平内町","内童子"
"3343","青森県","東津軽郡平内町","狩場沢"
"3342","青森県","東津軽郡平内町","口広"
"3321","青森県","東津軽郡平内町","小湊"
"3332","青森県","東津軽郡平内町","清水川"
"3302","青森県","東津軽郡平内町","白砂"
"3351","青森県","東津軽郡平内町","外童子"
"3353","青森県","東津軽郡平内町","田茂木"
"3372","青森県","東津軽郡平内町","土屋"
"3371","青森県","東津軽郡平内町","中野"
"3373","青森県","東津軽郡平内町","浪打"
"3313","青森県","東津軽郡平内町","沼館"
"3331","青森県","東津軽郡平内町","浜子"
"3303","青森県","東津軽郡平内町","東滝"
"3301","青森県","東津軽郡平内町","東田沢"
"3315","青森県","東津軽郡平内町","福島"
"3311","青森県","東津軽郡平内町","福館"
"3361","青森県","東津軽郡平内町","藤沢"
"3362","青森県","東津軽郡平内町","増田"
"3333","青森県","東津軽郡平内町","松野木"
"3381","青森県","東津軽郡平内町","茂浦"
"3314","青森県","東津軽郡平内町","盛田"
"3341","青森県","東津軽郡平内町","薬師野"
"3363","青森県","東津軽郡平内町","山口"
"3100","青森県","上北郡野辺地町",""
"3116","青森県","上北郡野辺地町","赤坂"
"3108","青森県","上北郡野辺地町","有戸"
"3105","青森県","上北郡野辺地町","有戸鳥井平"
"3178","青森県","上北郡野辺地町","家ノ上"
"3111","青森県","上北郡野辺地町","石神裏"
"3144","青森県","上北郡野辺地町","一ノ渡"
"3174","青森県","上北郡野辺地町","大平下"
"3104","青森県","上北郡野辺地町","大月平"
"3107","青森県","上北郡野辺地町","小沢平"
"3106","青森県","上北郡野辺地町","蟹田"
"3174","青森県","上北郡野辺地町","上河渡頭"
"3127","青森県","上北郡野辺地町","上川原"
"3154","青森県","上北郡野辺地町","上小中野"
"3128","青森県","上北郡野辺地町","上前田"
"3171","青森県","上北郡野辺地町","上御手洗瀬"
"3143","青森県","上北郡野辺地町","川目"
"3158","青森県","上北郡野辺地町","観音林後"
"3165","青森県","上北郡野辺地町","観音林前田"
"3159","青森県","上北郡野辺地町","観音林脇"
"3105","青森県","上北郡野辺地町","木明"
"3155","青森県","上北郡野辺地町","切明"
"3142","青森県","上北郡野辺地町","久田"
"3162","青森県","上北郡野辺地町","笹館"
"3157","青森県","上北郡野辺地町","獅子沢"
"3108","青森県","上北郡野辺地町","下道"
"3177","青森県","上北郡野辺地町","柴崎"
"3174","青森県","上北郡野辺地町","下河渡頭"
"3152","青森県","上北郡野辺地町","下小中野"
"3117","青森県","上北郡野辺地町","下坂"
"3126","青森県","上北郡野辺地町","下前田"
"3146","青森県","上北郡野辺地町","下松ノ木平"
"3171","青森県","上北郡野辺地町","下御手洗瀬"
"3147","青森県","上北郡野辺地町","下与田川"
"3124","青森県","上北郡野辺地町","白岩"
"3151","青森県","上北郡野辺地町","白岩向"
"3129","青森県","上北郡野辺地町","新田"
"3163","青森県","上北郡野辺地町","新町裏"
"3175","青森県","上北郡野辺地町","地続山"
"3173","青森県","上北郡野辺地町","陣場川原"
"3114","青森県","上北郡野辺地町","助佐小路"
"3122","青森県","上北郡野辺地町","雑吉沢"
"3171","青森県","上北郡野辺地町","滝田"
"3103","青森県","上北郡野辺地町","田名部道"
"3123","青森県","上北郡野辺地町","種川"
"3113","青森県","上北郡野辺地町","田狭沢"
"3174","青森県","上北郡野辺地町","田端"
"3115","青森県","上北郡野辺地町","タラノ木"
"3171","青森県","上北郡野辺地町","槻ノ木"
"3118","青森県","上北郡野辺地町","寺ノ沢"
"3129","青森県","上北郡野辺地町","戸田ノ沢"
"3172","青森県","上北郡野辺地町","鳥井平"
"3153","青森県","上北郡野辺地町","中小中野"
"3108","青森県","上北郡野辺地町","中田"
"3112","青森県","上北郡野辺地町","中道"
"3143","青森県","上北郡野辺地町","中屋敷"
"3176","青森県","上北郡野辺地町","中渡"
"3141","青森県","上北郡野辺地町","鳴沢"
"3171","青森県","上北郡野辺地町","二本木"
"3167","青森県","上北郡野辺地町","二本木向"
"3166","青森県","上北郡野辺地町","二本木向前田"
"3131","青森県","上北郡野辺地町","野辺地"
"3171","青森県","上北郡野辺地町","二十平"
"3177","青森県","上北郡野辺地町","八ノ木谷地"
"3101","青森県","上北郡野辺地町","浜掛"
"3105","青森県","上北郡野辺地町","東太田沢"
"3105","青森県","上北郡野辺地町","干草橋"
"3128","青森県","上北郡野辺地町","昼場"
"3156","青森県","上北郡野辺地町","枇杷野"
"3121","青森県","上北郡野辺地町","船橋"
"3106","青森県","上北郡野辺地町","古明前"
"3125","青森県","上北郡野辺地町","坊ノ塚"
"3164","青森県","上北郡野辺地町","前田"
"3168","青森県","上北郡野辺地町","前平"
"3179","青森県","上北郡野辺地町","馬門"
"3161","青森県","上北郡野辺地町","馬門道"
"3157","青森県","上北郡野辺地町","松ノ木"
"3145","青森県","上北郡野辺地町","松ノ木平"
"3171","青森県","上北郡野辺地町","御手洗瀬"
"3106","青森県","上北郡野辺地町","明前"
"3109","青森県","上北郡野辺地町","向田"
"3129","青森県","上北郡野辺地町","餅粟川原"
"3175","青森県","上北郡野辺地町","湯沢"
"3175","青森県","上北郡野辺地町","湯沢尻"
"3148","青森県","上北郡野辺地町","与田川尻"
"3102","青森県","上北郡野辺地町","米内沢"
"2500","青森県","上北郡七戸町",""
"2501","青森県","上北郡七戸町","荒熊内"
"2534","青森県","上北郡七戸町","荒屋"
"2543","青森県","上北郡七戸町","有田沢"
"2816","青森県","上北郡七戸町","家ノ裏"
"2825","青森県","上北郡七戸町","家ノ上"
"2824","青森県","上北郡七戸町","家ノ下"
"2833","青森県","上北郡七戸町","家ノ前"
"2865","青森県","上北郡七戸町","市ノ渡"
"2561","青森県","上北郡七戸町","銀南木"
"2741","青森県","上北郡七戸町","猪ノ鼻"
"2585","青森県","上北郡七戸町","上ノ山"
"2587","青森県","上北郡七戸町","上屋田"
"2584","青森県","上北郡七戸町","後川原"
"2731","青森県","上北郡七戸町","後平"
"2574","青森県","上北郡七戸町","宇道坂"
"2771","青森県","上北郡七戸町","姥沢"
"2586","青森県","上北郡七戸町","海内"
"2526","青森県","上北郡七戸町","上町野"
"2507","青森県","上北郡七戸町","えぞ花"
"2756","青森県","上北郡七戸町","榎林家ノ後"
"2755","青森県","上北郡七戸町","榎林家ノ前"
"2779","青森県","上北郡七戸町","榎林古屋敷"
"2745","青森県","上北郡七戸町","夷堂"
"2508","青森県","上北郡七戸町","大池"
"2502","青森県","上北郡七戸町","大沢"
"2531","青森県","上北郡七戸町","太田"
"2821","青森県","上北郡七戸町","大平"
"2514","青森県","上北郡七戸町","太田野"
"2532","青森県","上北郡七戸町","大林"
"2715","青森県","上北郡七戸町","尾山頭"
"2751","青森県","上北郡七戸町","貝塚家ノ前"
"2578","青森県","上北郡七戸町","貝ノ口"
"2523","青森県","上北郡七戸町","影津内"
"2577","青森県","上北郡七戸町","鍛治林"
"2831","青森県","上北郡七戸町","金沢平"
"2725","青森県","上北郡七戸町","上川原"
"2714","青森県","上北郡七戸町","上志多"
"2724","青森県","上北郡七戸町","上平"
"2533","青森県","上北郡七戸町","川去"
"2712","青森県","上北郡七戸町","北天間舘"
"2562","青森県","上北郡七戸町","倉岡"
"2522","青森県","上北郡七戸町","倉越"
"2866","青森県","上北郡七戸町","栗ノ木沢"
"2877","青森県","上北郡七戸町","五庵ノ下"
"2812","青森県","上北郡七戸町","小田下"
"2813","青森県","上北郡七戸町","小田平"
"2822","青森県","上北郡七戸町","小又"
"2856","青森県","上北郡七戸町","古和備"
"2537","青森県","上北郡七戸町","賽ノ神"
"2753","青森県","上北郡七戸町","竿打川原"
"2778","青森県","上北郡七戸町","坂ノ外"
"2575","青森県","上北郡七戸町","作田"
"2845","青森県","上北郡七戸町","作田道"
"2576","青森県","上北郡七戸町","桜田"
"2568","青森県","上北郡七戸町","左組"
"2852","青森県","上北郡七戸町","さそう"
"2853","青森県","上北郡七戸町","さそう平"
"2875","青森県","上北郡七戸町","淋代"
"2512","青森県","上北郡七戸町","笊田"
"2511","青森県","上北郡七戸町","笊田川久保"
"2754","青森県","上北郡七戸町","地蔵堂"
"2872","青森県","上北郡七戸町","下タ川原"
"2525","青森県","上北郡七戸町","七戸"
"2774","青森県","上北郡七戸町","柴舘道ノ下"
"2546","青森県","上北郡七戸町","清水頭"
"2721","青森県","上北郡七戸町","志茂川原"
"2864","青森県","上北郡七戸町","下モ川原"
"2723","青森県","上北郡七戸町","下志多"
"2772","青森県","上北郡七戸町","下田坪"
"2841","青森県","上北郡七戸町","下鳥谷部"
"2549","青森県","上北郡七戸町","下見町"
"2871","青森県","上北郡七戸町","白石"
"2572","青森県","上北郡七戸町","城ノ後"
"2565","青森県","上北郡七戸町","治部袋"
"2726","青森県","上北郡七戸町","李川原"
"2777","青森県","上北郡七戸町","李沢家ノ後"
"2776","青森県","上北郡七戸町","李沢家ノ前"
"2775","青森県","上北郡七戸町","李沢道ノ下"
"2557","青森県","上北郡七戸町","西野"
"2876","青森県","上北郡七戸町","堰代"
"2851","青森県","上北郡七戸町","堰根"
"2515","青森県","上北郡七戸町","蒼前"
"2855","青森県","上北郡七戸町","底田"
"2732","青森県","上北郡七戸町","卒古沢"
"2757","青森県","上北郡七戸町","卒古沢南平"
"2854","青森県","上北郡七戸町","高井名"
"2558","青森県","上北郡七戸町","高屋敷"
"2516","青森県","上北郡七戸町","舘野"
"2505","青森県","上北郡七戸町","立野頭"
"2823","青森県","上北郡七戸町","舘ノ下"
"2744","青森県","上北郡七戸町","塚長根"
"2747","青森県","上北郡七戸町","附田家ノ前"
"2746","青森県","上北郡七戸町","附田川目"
"2874","青森県","上北郡七戸町","坪川原"
"2552","青森県","上北郡七戸町","鶴打田"
"2567","青森県","上北郡七戸町","鶴児平"
"2844","青森県","上北郡七戸町","手代森"
"2524","青森県","上北郡七戸町","寺裏"
"2743","青森県","上北郡七戸町","寺沢前"
"2538","青森県","上北郡七戸町","寺下"
"2518","青森県","上北郡七戸町","天神林"
"2521","青森県","上北郡七戸町","天王"
"2811","青森県","上北郡七戸町","天間舘荒谷"
"2861","青森県","上北郡七戸町","天間舘大沢"
"2873","青森県","上北郡七戸町","天間舘寒水"
"2857","青森県","上北郡七戸町","天間舘倉越"
"2733","青森県","上北郡七戸町","天間舘前川原"
"2863","青森県","上北郡七戸町","十枝内"
"2579","青森県","上北郡七戸町","十役野"
"2503","青森県","上北郡七戸町","豊間内"
"2846","青森県","上北郡七戸町","鳥谷部"
"2554","青森県","上北郡七戸町","中岫"
"2782","青森県","上北郡七戸町","中岫太田嶋"
"2784","青森県","上北郡七戸町","中岫長沢下"
"2783","青森県","上北郡七戸町","中岫番屋"
"2786","青森県","上北郡七戸町","中岫東道添"
"2785","青森県","上北郡七戸町","中岫村ノ上"
"2711","青森県","上北郡七戸町","中天間舘"
"2842","青森県","上北郡七戸町","中鳥谷"
"2826","青森県","上北郡七戸町","中野"
"2539","青森県","上北郡七戸町","中村"
"2862","青森県","上北郡七戸町","夏間木"
"2517","青森県","上北郡七戸町","夏焼"
"2582","青森県","上北郡七戸町","西上川原"
"2556","青森県","上北郡七戸町","西槻木"
"2535","青森県","上北郡七戸町","沼ノ沢"
"2536","青森県","上北郡七戸町","野左掛"
"2801","青森県","上北郡七戸町","野崎"
"2804","青森県","上北郡七戸町","野崎狐久保"
"2802","青森県","上北郡七戸町","野崎前平"
"2803","青森県","上北郡七戸町","野崎森ノ下"
"2573","青森県","上北郡七戸町","野続"
"2542","青森県","上北郡七戸町","萩ノ沢"
"2843","青森県","上北郡七戸町","橋ノ上"
"2752","青森県","上北郡七戸町","鉢森平"
"2544","青森県","上北郡七戸町","八栗平"
"2553","青森県","上北郡七戸町","八尺堂"
"2566","青森県","上北郡七戸町","放森"
"2781","青森県","上北郡七戸町","花松林ノ根"
"2805","青森県","上北郡七戸町","原久保"
"2581","青森県","上北郡七戸町","東上川原"
"2513","青森県","上北郡七戸町","東槻木"
"2713","青森県","上北郡七戸町","東天間舘"
"2506","青森県","上北郡七戸町","膝森"
"2504","青森県","上北郡七戸町","寒水"
"2761","青森県","上北郡七戸町","二ツ森家ノ後"
"2763","青森県","上北郡七戸町","二ツ森家ノ表"
"2762","青森県","上北郡七戸町","二ツ森家ノ下"
"2742","青森県","上北郡七戸町","舟場向川久保"
"2564","青森県","上北郡七戸町","古屋敷"
"2545","青森県","上北郡七戸町","別曽"
"2571","青森県","上北郡七戸町","蛇坂"
"2716","青森県","上北郡七戸町","菩提木"
"2583","青森県","上北郡七戸町","前川原"
"2773","青森県","上北郡七戸町","前左野"
"2555","青森県","上北郡七戸町","前田"
"2569","青森県","上北郡七戸町","馬門川原"
"2527","青森県","上北郡七戸町","町"
"2835","青森県","上北郡七戸町","松ケ沢"
"2832","青森県","上北郡七戸町","道ノ上"
"2814","青森県","上北郡七戸町","道ノ下"
"2748","青森県","上北郡七戸町","南舘向"
"2541","青森県","上北郡七戸町","都平"
"2548","青森県","上北郡七戸町","見町"
"2722","青森県","上北郡七戸町","向川原"
"2563","青森県","上北郡七戸町","向平"
"2834","青森県","上北郡七戸町","向中野川向"
"2828","青森県","上北郡七戸町","森ケ沢"
"2827","青森県","上北郡七戸町","森ノ上"
"2815","青森県","上北郡七戸町","森ノ下"
"2551","青森県","上北郡七戸町","薬師平"
"2547","青森県","上北郡七戸町","矢倉"
"2717","青森県","上北郡七戸町","柳平"
"2559","青森県","上北郡七戸町","山屋"
"2589","青森県","上北郡七戸町","和田"
"2588","青森県","上北郡七戸町","和田下"
"2300","青森県","上北郡六戸町",""
"2371","青森県","上北郡六戸町","犬落瀬"
"2372","青森県","上北郡六戸町","折茂"
"2311","青森県","上北郡六戸町","上吉田"
"2314","青森県","上北郡六戸町","小平"
"2312","青森県","上北郡六戸町","下吉田"
"2313","青森県","上北郡六戸町","鶴喰"
"2315","青森県","上北郡六戸町","柳町"
"4100","青森県","上北郡横浜町",""
"4106","青森県","上北郡横浜町","有畑"
"4113","青森県","上北郡横浜町","家ノ前川目"
"4115","青森県","上北郡横浜町","稲荷平"
"4112","青森県","上北郡横浜町","夷ケ沢平"
"4111","青森県","上北郡横浜町","大畑"
"4131","青森県","上北郡横浜町","椛名木"
"4142","青森県","上北郡横浜町","上イタヤノ木"
"4123","青森県","上北郡横浜町","茅平"
"4124","青森県","上北郡横浜町","川尻"
"4103","青森県","上北郡横浜町","川太郎川目"
"4137","青森県","上北郡横浜町","下川原"
"4104","青森県","上北郡横浜町","下苗代川目"
"4133","青森県","上北郡横浜町","舘の後"
"4132","青森県","上北郡横浜町","太郎須田"
"4138","青森県","上北郡横浜町","塚名平"
"4145","青森県","上北郡横浜町","寺下"
"4152","青森県","上北郡横浜町","百目木"
"4155","青森県","上北郡横浜町","豊栄平"
"4122","青森県","上北郡横浜町","鶏ケ唄"
"4116","青森県","上北郡横浜町","中畑"
"4105","青森県","上北郡横浜町","苗代川目"
"4117","青森県","上北郡横浜町","鶏沢"
"4144","青森県","上北郡横浜町","浜懸"
"4102","青森県","上北郡横浜町","浜田"
"4101","青森県","上北郡横浜町","林尻"
"4135","青森県","上北郡横浜町","林の後"
"4134","青森県","上北郡横浜町","林の脇"
"4121","青森県","上北郡横浜町","桧木"
"4156","青森県","上北郡横浜町","雲雀平"
"4157","青森県","上北郡横浜町","二又"
"4153","青森県","上北郡横浜町","吹越"
"4114","青森県","上北郡横浜町","大豆田"
"4141","青森県","上北郡横浜町","三保野"
"4154","青森県","上北郡横浜町","明神平"
"4151","青森県","上北郡横浜町","向平"
"4143","青森県","上北郡横浜町","屋敷形"
"4136","青森県","上北郡横浜町","横浜"
"2600","青森県","上北郡東北町",""
"2657","青森県","上北郡東北町","赤川道"
"2604","青森県","上北郡東北町","空久保"
"2406","青森県","上北郡東北町","旭北"
"2407","青森県","上北郡東北町","旭南"
"2685","青森県","上北郡東北町","家ノ下タ"
"2681","青森県","上北郡東北町","家ノ前"
"2602","青森県","上北郡東北町","五十嵐"
"2682","青森県","上北郡東北町","石坂"
"2683","青森県","上北郡東北町","板橋山"
"2626","青森県","上北郡東北町","後久保"
"2655","青森県","上北郡東北町","内蛯沢道ノ上"
"2656","青森県","上北郡東北町","内蛯沢向"
"2686","青森県","上北郡東北町","宇道坂"
"2607","青森県","上北郡東北町","姥沢"
"2673","青森県","上北郡東北町","馬尻"
"2401","青森県","上北郡東北町","上野"
"2612","青森県","上北郡東北町","狼ノ沢"
"2402","青森県","上北郡東北町","大浦"
"2623","青森県","上北郡東北町","大久保"
"2651","青森県","上北郡東北町","大沢"
"2683","青森県","上北郡東北町","大平"
"2688","青森県","上北郡東北町","大撫沢"
"2673","青森県","上北郡東北町","大籏屋"
"2636","青森県","上北郡東北町","往来ノ上"
"2634","青森県","上北郡東北町","往来ノ下"
"2671","青森県","上北郡東北町","小沢"
"2635","青森県","上北郡東北町","乙越"
"2664","青森県","上北郡東北町","乙供"
"2666","青森県","上北郡東北町","乙供山"
"2643","青森県","上北郡東北町","乙部道ノ上"
"2643","青森県","上北郡東北町","乙部道ノ下"
"2601","青森県","上北郡東北町","ガス平"
"2606","青森県","上北郡東北町","数牛"
"2685","青森県","上北郡東北町","上板橋家ノ後"
"2404","青森県","上北郡東北町","上北北"
"2405","青森県","上北郡東北町","上北南"
"2626","青森県","上北郡東北町","上久保"
"2661","青森県","上北郡東北町","上笹橋"
"2687","青森県","上北郡東北町","上清水目"
"2668","青森県","上北郡東北町","北膳前"
"2678","青森県","上北郡東北町","狐沢山"
"2616","青森県","上北郡東北町","切左坂道ノ上"
"2614","青森県","上北郡東北町","切左坂道ノ下"
"2672","青森県","上北郡東北町","栗山添"
"2641","青森県","上北郡東北町","枋木"
"2686","青森県","上北郡東北町","塞ノ神"
"2678","青森県","上北郡東北町","坂ノ下"
"2605","青森県","上北郡東北町","淋代"
"2627","青森県","上北郡東北町","漆玉"
"2668","青森県","上北郡東北町","篠内平"
"2676","青森県","上北郡東北町","下板橋"
"2662","青森県","上北郡東北町","下笹橋"
"2653","青森県","上北郡東北町","下山"
"2633","青森県","上北郡東北町","素柄邸"
"2667","青森県","上北郡東北町","膳前"
"2686","青森県","上北郡東北町","添ノ沢"
"2647","青森県","上北郡東北町","外蛯沢後久保"
"2648","青森県","上北郡東北町","外蛯沢北久保"
"2646","青森県","上北郡東北町","外蛯沢西平"
"2645","青森県","上北郡東北町","外蛯沢前平"
"2605","青森県","上北郡東北町","高森"
"2631","青森県","上北郡東北町","滝沢平"
"2635","青森県","上北郡東北町","舘"
"2624","青森県","上北郡東北町","蓼内久保"
"2663","青森県","上北郡東北町","舘花"
"2621","青森県","上北郡東北町","田ノ沢"
"2678","青森県","上北郡東北町","田面木"
"2675","青森県","上北郡東北町","千曳"
"2674","青森県","上北郡東北町","千曳下山"
"2678","青森県","上北郡東北町","長者久保"
"2626","青森県","上北郡東北町","堤尻"
"2623","青森県","上北郡東北町","鶴ケ崎"
"2654","青森県","上北郡東北町","塔ノ沢山"
"2635","青森県","上北郡東北町","鳥口平"
"2611","青森県","上北郡東北町","中村道ノ上"
"2611","青森県","上北郡東北町","中村道ノ下"
"2625","青森県","上北郡東北町","長久保"
"2403","青森県","上北郡東北町","新舘"
"2612","青森県","上北郡東北町","沼添左ノ平"
"2613","青森県","上北郡東北町","子ノ鳥平"
"2613","青森県","上北郡東北町","野田頭"
"2613","青森県","上北郡東北町","野田頭山"
"2613","青森県","上北郡東北町","野田尻"
"2622","青森県","上北郡東北町","浜家苫"
"2612","青森県","上北郡東北町","浜台"
"2687","青森県","上北郡東北町","林ノ下"
"2632","青森県","上北郡東北町","日影林ノ上山"
"2642","青森県","上北郡東北町","寒水"
"2642","青森県","上北郡東北町","寒水下"
"2642","青森県","上北郡東北町","寒水山"
"2674","青森県","上北郡東北町","夫雑原"
"2677","青森県","上北郡東北町","夫雑原下山"
"2622","青森県","上北郡東北町","船ケ沢"
"2624","青森県","上北郡東北町","古屋敷"
"2615","青森県","上北郡東北町","細津"
"2602","青森県","上北郡東北町","細津橋ノ上"
"2652","青森県","上北郡東北町","ほとけ沢"
"2644","青森県","上北郡東北町","保戸沢家ノ上"
"2644","青森県","上北郡東北町","保戸沢家ノ前"
"2644","青森県","上北郡東北町","保戸沢家ノ後"
"2604","青森県","上北郡東北町","饅頭長根"
"2604","青森県","上北郡東北町","水流"
"2617","青森県","上北郡東北町","水喰"
"2617","青森県","上北郡東北町","水喰向"
"2624","青森県","上北郡東北町","道ノ北"
"2684","青森県","上北郡東北町","向平"
"2672","青森県","上北郡東北町","向籏屋"
"2673","青森県","上北郡東北町","向屋敷"
"2615","青森県","上北郡東北町","萌出道ノ上"
"2615","青森県","上北郡東北町","萌出道ノ下"
"2606","青森県","上北郡東北町","谷地頭"
"2665","青森県","上北郡東北町","柳沢"
"2681","青森県","上北郡東北町","山添"
"2673","青森県","上北郡東北町","山ノ下"
"2682","青森県","上北郡東北町","湯沢"
"2604","青森県","上北郡東北町","横沢"
"2604","青森県","上北郡東北町","横沢頭"
"2603","青森県","上北郡東北町","横沢山"
"2623","青森県","上北郡東北町","横志多"
"2633","青森県","上北郡東北町","和山平"
"3200","青森県","上北郡六ヶ所村",""
"3212","青森県","上北郡六ヶ所村","尾駮"
"3215","青森県","上北郡六ヶ所村","倉内"
"3213","青森県","上北郡六ヶ所村","鷹架"
"3211","青森県","上北郡六ヶ所村","出戸"
"4301","青森県","上北郡六ヶ所村","泊"
"3214","青森県","上北郡六ヶ所村","平沼"
"2200","青森県","上北郡おいらせ町",""
"2189","青森県","上北郡おいらせ町","青葉"
"2147","青森県","上北郡おいらせ町","赤田前"
"2116","青森県","上北郡おいらせ町","秋堂"
"2141","青森県","上北郡おいらせ町","明土"
"2165","青森県","上北郡おいらせ町","阿光坊"
"2172","青森県","上北郡おいらせ町","洗平"
"2113","青森県","上北郡おいらせ町","犬毛谷地"
"2217","青森県","上北郡おいらせ町","牛込平"
"2216","青森県","上北郡おいらせ町","後田"
"2182","青森県","上北郡おいらせ町","鶉久保"
"2183","青森県","上北郡おいらせ町","鶉久保山"
"2253","青森県","上北郡おいらせ町","獺野"
"2225","青森県","上北郡おいらせ町","上明堂"
"2133","青森県","上北郡おいらせ町","上川原"
"2185","青森県","上北郡おいらせ町","上久保"
"2221","青森県","上北郡おいらせ町","上前田"
"2145","青森県","上北郡おいらせ町","上谷地"
"2117","青森県","上北郡おいらせ町","川端"
"2127","青森県","上北郡おいらせ町","木崎"
"2186","青森県","上北郡おいらせ町","北下田"
"2155","青森県","上北郡おいらせ町","木ノ下西"
"2157","青森県","上北郡おいらせ町","木ノ下東"
"2156","青森県","上北郡おいらせ町","木ノ下南"
"2252","青森県","上北郡おいらせ町","黒坂谷地"
"2142","青森県","上北郡おいらせ町","小前谷地"
"2124","青森県","上北郡おいらせ町","境田"
"2125","青森県","上北郡おいらせ町","三本木"
"2224","青森県","上北郡おいらせ町","下明堂"
"2121","青森県","上北郡おいらせ町","下境"
"2222","青森県","上北郡おいらせ町","下前田"
"2215","青森県","上北郡おいらせ町","下屋敷"
"2143","青森県","上北郡おいらせ町","上水下"
"2226","青森県","上北郡おいらせ町","新助川原"
"2211","青森県","上北郡おいらせ町","新田"
"2164","青森県","上北郡おいらせ町","神明前"
"2180","青森県","上北郡おいらせ町","住吉"
"2235","青森県","上北郡おいらせ町","千刈田"
"2128","青森県","上北郡おいらせ町","染屋"
"2114","青森県","上北郡おいらせ町","高田"
"2144","青森県","上北郡おいらせ町","丈の端"
"2135","青森県","上北郡おいらせ町","立蛇"
"2163","青森県","上北郡おいらせ町","館越"
"2255","青森県","上北郡おいらせ町","土取"
"2234","青森県","上北郡おいらせ町","堤田"
"2102","青森県","上北郡おいらせ町","豊栄"
"2154","青森県","上北郡おいらせ町","豊原"
"2223","青森県","上北郡おいらせ町","苗平谷地"
"2254","青森県","上北郡おいらせ町","苗振谷地"
"2136","青森県","上北郡おいらせ町","中下田"
"2129","青森県","上北郡おいらせ町","中平下長根山"
"2112","青森県","上北郡おいらせ町","中野平"
"2146","青森県","上北郡おいらせ町","中谷地"
"2115","青森県","上北郡おいらせ町","菜飯"
"2111","青森県","上北郡おいらせ町","西後谷地"
"2171","青森県","上北郡おいらせ町","新敷"
"2161","青森県","上北郡おいらせ町","西下川原"
"2123","青森県","上北郡おいらせ町","西下谷地"
"2132","青森県","上北郡おいらせ町","西前川原"
"2122","青森県","上北郡おいらせ町","沼小屋"
"2233","青森県","上北郡おいらせ町","沼端"
"2134","青森県","上北郡おいらせ町","馳下り"
"2184","青森県","上北郡おいらせ町","浜道"
"2232","青森県","上北郡おいらせ町","東後谷地"
"2212","青森県","上北郡おいらせ町","東下川原"
"2231","青森県","上北郡おいらせ町","東下谷地"
"2214","青森県","上北郡おいらせ町","東前川原"
"2118","青森県","上北郡おいらせ町","彦七川原"
"2203","青森県","上北郡おいらせ町","一川目"
"2204","青森県","上北郡おいらせ町","深沢"
"2205","青森県","上北郡おいらせ町","深沢平"
"2173","青森県","上北郡おいらせ町","瓢"
"2201","青森県","上北郡おいらせ町","二川目"
"2181","青森県","上北郡おいらせ町","古間木山"
"2213","青森県","上北郡おいらせ町","堀ノ内"
"2126","青森県","上北郡おいらせ町","間木"
"2206","青森県","上北郡おいらせ町","松原"
"2187","青森県","上北郡おいらせ町","緑ケ丘"
"2162","青森県","上北郡おいらせ町","南下田"
"2131","青森県","上北郡おいらせ町","向川原"
"2251","青森県","上北郡おいらせ町","向坂"
"2202","青森県","上北郡おいらせ町","向平"
"2151","青森県","上北郡おいらせ町","向山"
"2152","青森県","上北郡おいらせ町","向山東"
"2158","青森県","上北郡おいらせ町","向山南"
"2153","青森県","上北郡おいらせ町","山崎"
"2236","青森県","上北郡おいらせ町","洋光台"
"2188","青森県","上北郡おいらせ町","若葉"
"4600","青森県","下北郡大間町",""
"4601","青森県","下北郡大間町","大間"
"4602","青森県","下北郡大間町","奥戸"
"4223","青森県","下北郡東通村","小田野沢"
"4221","青森県","下北郡東通村","猿ケ森"
"4224","青森県","下北郡東通村","白糠"
"4222","青森県","下北郡東通村","砂子又"
"4500","青森県","下北郡風間浦村",""
"4502","青森県","下北郡風間浦村","易国間"
"4501","青森県","下北郡風間浦村","下風呂"
"4503","青森県","下北郡風間浦村","蛇浦"
"4700","青森県","下北郡佐井村",""
"4711","青森県","下北郡佐井村","佐井"
"4712","青森県","下北郡佐井村","長後"
"0100","青森県","三戸郡三戸町",""
"0111","青森県","三戸郡三戸町","泉山"
"0112","青森県","三戸郡三戸町","梅内"
"0453","青森県","三戸郡三戸町","貝守"
"0141","青森県","三戸郡三戸町","川守田"
"0143","青森県","三戸郡三戸町","川守田町"
"0142","青森県","三戸郡三戸町","久慈町"
"0132","青森県","三戸郡三戸町","在府小路町"
"0451","青森県","三戸郡三戸町","蛇沼"
"0134","青森県","三戸郡三戸町","同心町"
"0122","青森県","三戸郡三戸町","斗内"
"0121","青森県","三戸郡三戸町","豊川"
"0452","青森県","三戸郡三戸町","袴田"
"0133","青森県","三戸郡三戸町","馬喰町"
"0131","青森県","三戸郡三戸町","二日町"
"0144","青森県","三戸郡三戸町","六日町"
"0113","青森県","三戸郡三戸町","目時"
"0135","青森県","三戸郡三戸町","八日町"
"1500","青森県","三戸郡五戸町",""
"1508","青森県","三戸郡五戸町","赤川"
"1508","青森県","三戸郡五戸町","赤川前"
"1561","青森県","三戸郡五戸町","赤坂"
"1528","青森県","三戸郡五戸町","浅水"
"1536","青森県","三戸郡五戸町","愛宕後"
"1536","青森県","三戸郡五戸町","愛宕下タ"
"1536","青森県","三戸郡五戸町","愛宕丁"
"1556","青森県","三戸郡五戸町","油出"
"1534","青森県","三戸郡五戸町","荒町"
"1521","青森県","三戸郡五戸町","五百窪"
"1539","青森県","三戸郡五戸町","石沢境"
"1505","青森県","三戸郡五戸町","石仏"
"1505","青森県","三戸郡五戸町","石仏上川原"
"1505","青森県","三戸郡五戸町","石仏下川原"
"1505","青森県","三戸郡五戸町","石仏前"
"1521","青森県","三戸郡五戸町","泉窪"
"1516","青森県","三戸郡五戸町","市川道十文字"
"1568","青森県","三戸郡五戸町","銀杏木"
"1568","青森県","三戸郡五戸町","銀杏木前"
"1568","青森県","三戸郡五戸町","一本木"
"1568","青森県","三戸郡五戸町","一本木前"
"1504","青森県","三戸郡五戸町","兎内"
"1504","青森県","三戸郡五戸町","兎内上保土沢"
"1504","青森県","三戸郡五戸町","兎内下保土沢"
"1504","青森県","三戸郡五戸町","兎内下川原"
"1504","青森県","三戸郡五戸町","兎内下谷地"
"1552","青森県","三戸郡五戸町","姥堤"
"1537","青森県","三戸郡五戸町","ウルエ長根"
"1537","青森県","三戸郡五戸町","ウルエ長根下"
"1507","青森県","三戸郡五戸町","蛯川後"
"1507","青森県","三戸郡五戸町","蛯川前川原"
"1507","青森県","三戸郡五戸町","蛯川村"
"1537","青森県","三戸郡五戸町","追分"
"1527","青森県","三戸郡五戸町","扇田"
"1568","青森県","三戸郡五戸町","應田"
"1503","青森県","三戸郡五戸町","大久保"
"1521","青森県","三戸郡五戸町","大渡"
"1521","青森県","三戸郡五戸町","大渡道ノ下"
"1563","青森県","三戸郡五戸町","岡谷地"
"1511","青森県","三戸郡五戸町","鍜冶屋窪"
"1511","青森県","三戸郡五戸町","鍜冶屋窪上ミ"
"1511","青森県","三戸郡五戸町","鍜冶屋敷"
"1501","青森県","三戸郡五戸町","上市川"
"1504","青森県","三戸郡五戸町","上兎内"
"1533","青森県","三戸郡五戸町","上大町"
"1557","青森県","三戸郡五戸町","上川原"
"1508","青森県","三戸郡五戸町","上新道"
"1567","青森県","三戸郡五戸町","上大平楽"
"1552","青森県","三戸郡五戸町","上高田"
"1526","青森県","三戸郡五戸町","上長下"
"1551","青森県","三戸郡五戸町","上新井田"
"1551","青森県","三戸郡五戸町","上新井田前"
"1523","青森県","三戸郡五戸町","上保土沢"
"1507","青森県","三戸郡五戸町","上谷地"
"1568","青森県","三戸郡五戸町","傘松"
"1568","青森県","三戸郡五戸町","傘松前"
"1554","青森県","三戸郡五戸町","川原町"
"1554","青森県","三戸郡五戸町","川原町裏"
"1553","青森県","三戸郡五戸町","川原町下裏"
"1553","青森県","三戸郡五戸町","川原町西裏"
"1532","青森県","三戸郡五戸町","観音堂"
"1531","青森県","三戸郡五戸町","狐森"
"1531","青森県","三戸郡五戸町","狐森北"
"1521","青森県","三戸郡五戸町","久蔵窪"
"2302","青森県","三戸郡五戸町","切谷内"
"2302","青森県","三戸郡五戸町","切谷内北田ノ沢"
"1502","青森県","三戸郡五戸町","切谷内"
"1515","青森県","三戸郡五戸町","熊ノ沢"
"1515","青森県","三戸郡五戸町","熊ノ沢頭"
"1506","青森県","三戸郡五戸町","熊野林"
"1506","青森県","三戸郡五戸町","熊野林後"
"1506","青森県","三戸郡五戸町","熊野林前"
"1701","青森県","三戸郡五戸町","倉石石沢"
"1702","青森県","三戸郡五戸町","倉石中市"
"1703","青森県","三戸郡五戸町","倉石又重"
"1563","青森県","三戸郡五戸町","毛無森"
"1561","青森県","三戸郡五戸町","越掛沢"
"1561","青森県","三戸郡五戸町","越掛沢前"
"1561","青森県","三戸郡五戸町","越掛沢道下モ"
"1522","青森県","三戸郡五戸町","小渡"
"1522","青森県","三戸郡五戸町","小渡頭"
"1566","青森県","三戸郡五戸町","幸ノ神"
"1566","青森県","三戸郡五戸町","幸ノ神前"
"1503","青森県","三戸郡五戸町","佐野上谷地"
"1503","青森県","三戸郡五戸町","鮫ノ口"
"1558","青森県","三戸郡五戸町","沢"
"1517","青森県","三戸郡五戸町","沢向"
"1562","青森県","三戸郡五戸町","鹿内"
"1562","青森県","三戸郡五戸町","鹿内沖"
"1562","青森県","三戸郡五戸町","鹿内下モ"
"1562","青森県","三戸郡五戸町","鹿内前"
"1525","青森県","三戸郡五戸町","地蔵岱"
"1546","青森県","三戸郡五戸町","下タノ沢"
"1546","青森県","三戸郡五戸町","下タノ沢頭"
"1559","青森県","三戸郡五戸町","下大町"
"1518","青森県","三戸郡五戸町","下モ沢向"
"1508","青森県","三戸郡五戸町","下新道"
"1567","青森県","三戸郡五戸町","下大平楽"
"1555","青森県","三戸郡五戸町","下高田"
"1514","青森県","三戸郡五戸町","下中崎"
"1526","青森県","三戸郡五戸町","下長下"
"1565","青森県","三戸郡五戸町","下新井田"
"1565","青森県","三戸郡五戸町","下新井田前"
"1523","青森県","三戸郡五戸町","下保土沢"
"1545","青森県","三戸郡五戸町","正場沢"
"1545","青森県","三戸郡五戸町","正場沢長根"
"1515","青森県","三戸郡五戸町","治郎左エ門長根"
"1523","青森県","三戸郡五戸町","新蔵長根"
"1535","青森県","三戸郡五戸町","新丁"
"1541","青森県","三戸郡五戸町","新田窪"
"1548","青森県","三戸郡五戸町","新町"
"1547","青森県","三戸郡五戸町","神明後"
"1526","青森県","三戸郡五戸町","惣林橋"
"1563","青森県","三戸郡五戸町","大学沢"
"1563","青森県","三戸郡五戸町","大学沢向"
"1563","青森県","三戸郡五戸町","大工窪"
"1543","青森県","三戸郡五戸町","竹原"
"1558","青森県","三戸郡五戸町","館"
"1511","青森県","三戸郡五戸町","丁塚"
"1538","青森県","三戸郡五戸町","塚無岱"
"1508","青森県","三戸郡五戸町","土取場"
"1529","青森県","三戸郡五戸町","手倉橋"
"1554","青森県","三戸郡五戸町","傳兵ヱ丁"
"1519","青森県","三戸郡五戸町","天満"
"1519","青森県","三戸郡五戸町","天満後"
"1519","青森県","三戸郡五戸町","天満下川原"
"1546","青森県","三戸郡五戸町","土井頭"
"1552","青森県","三戸郡五戸町","筒口川原"
"1522","青森県","三戸郡五戸町","徳良窪"
"1524","青森県","三戸郡五戸町","豊間内"
"1514","青森県","三戸郡五戸町","中崎"
"1552","青森県","三戸郡五戸町","中高田"
"1539","青森県","三戸郡五戸町","中ノ沢"
"1539","青森県","三戸郡五戸町","中ノ沢西張"
"1542","青森県","三戸郡五戸町","中道"
"1542","青森県","三戸郡五戸町","中道十文字"
"1507","青森県","三戸郡五戸町","中森"
"1508","青森県","三戸郡五戸町","中寄"
"1522","青森県","三戸郡五戸町","苗代沢"
"1544","青森県","三戸郡五戸町","二階平"
"1544","青森県","三戸郡五戸町","二階平下タ"
"1512","青森県","三戸郡五戸町","西ノ沢"
"1537","青森県","三戸郡五戸町","二本柳"
"1537","青森県","三戸郡五戸町","二本柳向"
"1569","青森県","三戸郡五戸町","根岸"
"1533","青森県","三戸郡五戸町","野月"
"1562","青森県","三戸郡五戸町","白山"
"1562","青森県","三戸郡五戸町","白山前"
"1558","青森県","三戸郡五戸町","博労町"
"1557","青森県","三戸郡五戸町","八景"
"1565","青森県","三戸郡五戸町","花道川原"
"1538","青森県","三戸郡五戸町","古街道長根"
"1513","青森県","三戸郡五戸町","古舘"
"1564","青森県","三戸郡五戸町","古舘下川原"
"1513","青森県","三戸郡五戸町","古舘向"
"1513","青森県","三戸郡五戸町","古舘向川原"
"1513","青森県","三戸郡五戸町","古舘脇"
"1555","青森県","三戸郡五戸町","古堂"
"1555","青森県","三戸郡五戸町","古堂後"
"1563","青森県","三戸郡五戸町","平佐窪"
"1558","青森県","三戸郡五戸町","堀合"
"1569","青森県","三戸郡五戸町","虫追塚前"
"1559","青森県","三戸郡五戸町","横丁"
"1564","青森県","三戸郡五戸町","六角"
"0200","青森県","三戸郡田子町",""
"0312","青森県","三戸郡田子町","石亀"
"0316","青森県","三戸郡田子町","関"
"0202","青森県","三戸郡田子町","相米"
"0201","青森県","三戸郡田子町","田子"
"0314","青森県","三戸郡田子町","遠瀬"
"0315","青森県","三戸郡田子町","夏坂"
"0311","青森県","三戸郡田子町","原"
"0313","青森県","三戸郡田子町","茂市"
"0317","青森県","三戸郡田子町","山口"
"0100","青森県","三戸郡南部町",""
"0606","青森県","三戸郡南部町","相内"
"0606","青森県","三戸郡南部町","相内柏木久保"
"0606","青森県","三戸郡南部町","相内鴨ノ首"
"0606","青森県","三戸郡南部町","相内留ノ沢"
"0606","青森県","三戸郡南部町","相内沼久保"
"0606","青森県","三戸郡南部町","相内屋敷久保"
"0106","青森県","三戸郡南部町","相内"
"0102","青森県","三戸郡南部町","赤石"
"0103","青森県","三戸郡南部町","大向"
"0105","青森県","三戸郡南部町","沖田面"
"0801","青森県","三戸郡南部町","片岸"
"0812","青森県","三戸郡南部町","椛木"
"0501","青森県","三戸郡南部町","上名久井"
"0612","青森県","三戸郡南部町","剣吉"
"0805","青森県","三戸郡南部町","小泉"
"0814","青森県","三戸郡南部町","埖渡"
"0104","青森県","三戸郡南部町","小向"
"0502","青森県","三戸郡南部町","下名久井"
"0813","青森県","三戸郡南部町","杉沢"
"0503","青森県","三戸郡南部町","平"
"0507","青森県","三戸郡南部町","高瀬"
"0804","青森県","三戸郡南部町","高橋"
"0101","青森県","三戸郡南部町","玉掛"
"0504","青森県","三戸郡南部町","鳥舌内"
"0611","青森県","三戸郡南部町","斗賀"
"0802","青森県","三戸郡南部町","苫米地"
"0505","青森県","三戸郡南部町","鳥谷"
"0614","青森県","三戸郡南部町","虎渡"
"0815","青森県","三戸郡南部町","福田"
"0506","青森県","三戸郡南部町","法光寺"
"0811","青森県","三戸郡南部町","法師岡"
"0803","青森県","三戸郡南部町","麦沢"
"0613","青森県","三戸郡南部町","森越"
"1200","青森県","三戸郡階上町",""
"1202","青森県","三戸郡階上町","赤保内"
"1207","青森県","三戸郡階上町","金山沢"
"1212","青森県","三戸郡階上町","蒼前西"
"1211","青森県","三戸郡階上町","蒼前東"
"1206","青森県","三戸郡階上町","田代"
"1208","青森県","三戸郡階上町","角柄折"
"1201","青森県","三戸郡階上町","道仏"
"1203","青森県","三戸郡階上町","鳥屋部"
"1205","青森県","三戸郡階上町","晴山沢"
"1204","青森県","三戸郡階上町","平内"
"1800","青森県","三戸郡新郷村",""
"1802","青森県","三戸郡新郷村","西越"
"1801","青森県","三戸郡新郷村","戸来"
